type,name,module,line,snippet
top-level-arrow,$,00-runtime-foundation.js,17,"const $ = (s, root = document) => root.querySelector(s);"
top-level-arrow,$$,00-runtime-foundation.js,18,"const $$ = (s, root = document) => [...root.querySelectorAll(s)];"
top-level-arrow,clamp,00-runtime-foundation.js,19,"const clamp = (v, a, b) => Math.max(a, Math.min(b, v));"
top-level-arrow,lerp,00-runtime-foundation.js,20,"const lerp = (a, b, t) => a + (b - a) * t;"
top-level-arrow,approachNumber,00-runtime-foundation.js,21,"const approachNumber=(value,target,step)=>value<target?Math.min(target,value+Math.abs(step)):Math.max(target,value-Math.abs(step));"
top-level-arrow,lerpAngle,00-runtime-foundation.js,22,"const lerpAngle = (a, b, t) => { let d=((b-a+Math.PI)%(Math.PI*2))-Math.PI; if(d<-Math.PI)d+=Math.PI*2; return a+d*t; };"
top-level-arrow,distance2D,00-runtime-foundation.js,23,"const distance2D = (a, b) => Math.hypot(a.x - b.x, a.z - b.z);"
top-level-arrow,uid,00-runtime-foundation.js,24,const uid = () => (crypto.randomUUID ? crypto.randomUUID() : `p-${Date.now()}-${Math.random().toString(16).slice(2)}`);
top-level-arrow,safePointerCapture,00-runtime-foundation.js,25,"const safePointerCapture=(element,pointerId)=>{try{if(element?.setPointerCapture&&Number.isInteger(pointerId))element.setPointerCapture(pointerId);return true;}catch{return false;}};"
top-level-arrow,safePointerRelease,00-runtime-foundation.js,26,"const safePointerRelease=(element,pointerId)=>{try{if(element?.hasPointerCapture?.(pointerId))element.releasePointerCapture(pointerId);return true;}catch{return false;}};"
top-level-arrow,safeLocalGet,00-runtime-foundation.js,30,const safeLocalGet = key => { try { return window.localStorage?.getItem(key) ?? null; } catch { return null; } };
top-level-arrow,safeLocalSet,00-runtime-foundation.js,31,"const safeLocalSet = (key, value) => { try { window.localStorage?.setItem(key, value); return true; } catch { return false; } };"
top-level-arrow,safeLocalRemove,00-runtime-foundation.js,32,const safeLocalRemove = key => { try { window.localStorage?.removeItem(key); return true; } catch { return false; } };
top-level-arrow,configuredRoomIds,00-runtime-foundation.js,33,const configuredRoomIds = () => (window.OTTHI_CONFIG?.rooms || []).map(item => item.id);
top-level-arrow,normalizeRoomId,00-runtime-foundation.js,34,const normalizeRoomId = value => {
top-level-arrow,roomDisplayName,00-runtime-foundation.js,42,const roomDisplayName = value => {
function-declaration,safeAvatarId,00a-visual-foundation-avatar-v2.js,114,
function-declaration,safeAvatarColor,00a-visual-foundation-avatar-v2.js,118,
function-declaration,safeLegacyAvatarChoice,00a-visual-foundation-avatar-v2.js,122,
function-declaration,defaultAvatarV2,00a-visual-foundation-avatar-v2.js,126,
function-declaration,normalizeAvatarV2,00a-visual-foundation-avatar-v2.js,129,
function-declaration,updateAvatarV2LegacyChoice,00a-visual-foundation-avatar-v2.js,159,
function-declaration,registerVisualAsset,00a-visual-foundation-avatar-v2.js,190,
function-declaration,updateVisualAsset,00a-visual-foundation-avatar-v2.js,198,
function-declaration,visualAssetStatus,00a-visual-foundation-avatar-v2.js,201,
function-declaration,visualQualityProfile,00a-visual-foundation-avatar-v2.js,212,
function-declaration,createManagedLOD,00a-visual-foundation-avatar-v2.js,215,
function-declaration,applyVisualQualityBudget,00a-visual-foundation-avatar-v2.js,235,
function-declaration,updateManagedVisualLODs,00a-visual-foundation-avatar-v2.js,245,
function-declaration,outlineBelongsToPlayer,00a-visual-foundation-avatar-v2.js,256,
function-declaration,updateManagedOutlineVisibility,00a-visual-foundation-avatar-v2.js,264,
function-declaration,visualFoundationDiagnostics,00a-visual-foundation-avatar-v2.js,285,
function-declaration,createAvatarRigFoundation,00a-visual-foundation-avatar-v2.js,312,
function-declaration,avatarFoundationDiagnostics,00a-visual-foundation-avatar-v2.js,346,
function-declaration,stableBuildId,00a-visual-foundation-avatar-v2.js,365,
function-declaration,normalizeBuildRecord,01-build-persistence.js,371,
function-declaration,normalizeBuildList,01-build-persistence.js,378,
function-declaration,normalizeBuildTombstones,01-build-persistence.js,387,
function-declaration,mergeBuildTombstones,01-build-persistence.js,396,
function-declaration,applyBuildTombstones,01-build-persistence.js,397,
function-declaration,mergeBuildCollections,01-build-persistence.js,401,
function-declaration,mergeEntityCollections,01-build-persistence.js,404,
top-level-arrow,defaultState,01-build-persistence.js,435,const defaultState = () => ({
function-declaration,normalizeState,01-build-persistence.js,484,
function-declaration,loadState,02-state-save-cloud-account.js,542,
function-declaration,commitState,02-state-save-cloud-account.js,591,
function-declaration,saveState,02-state-save-cloud-account.js,608,
function-declaration,cloudProgressPayload,02-state-save-cloud-account.js,616,
function-declaration,syncCloudProgress,02-state-save-cloud-account.js,625,
function-declaration,mergeCloudProgress,02-state-save-cloud-account.js,629,
function-declaration,accountLinked,02-state-save-cloud-account.js,651,
function-declaration,accountPromptWasHandled,02-state-save-cloud-account.js,652,
function-declaration,accountStatusText,02-state-save-cloud-account.js,653,
function-declaration,syncGameAccount,02-state-save-cloud-account.js,670,
function-declaration,openAccountForm,02-state-save-cloud-account.js,725,
function-declaration,openAccountCenter,02-state-save-cloud-account.js,734,
function-declaration,openAccountLogoutGate,02-state-save-cloud-account.js,743,
function-declaration,addXP,02-state-save-cloud-account.js,750,
function-declaration,addCoins,03-ui-modal-install-pwa.js,761,
function-declaration,addReputation,03-ui-modal-install-pwa.js,765,
function-declaration,awardMedal,03-ui-modal-install-pwa.js,769,
function-declaration,setFlag,03-ui-modal-install-pwa.js,775,
function-declaration,showScreen,03-ui-modal-install-pwa.js,782,
function-declaration,toast,03-ui-modal-install-pwa.js,787,
function-declaration,vibrate,03-ui-modal-install-pwa.js,793,
function-declaration,beep,03-ui-modal-install-pwa.js,796,
function-declaration,openModal,03-ui-modal-install-pwa.js,811,
function-declaration,closeModal,03-ui-modal-install-pwa.js,826,
function-declaration,confirmModal,03-ui-modal-install-pwa.js,844,
function-declaration,updateInstallUI,03-ui-modal-install-pwa.js,858,
top-level-arrow,isStandalone,03-ui-modal-install-pwa.js,865,const isStandalone = () => window.matchMedia?.('(display-mode: standalone)').matches || navigator.standalone === true || safeLocalGet('otthos_installed') === '1';
function-declaration,isOfficialOtthiGameAddress,03-ui-modal-install-pwa.js,906,
function-declaration,localDateKey,03-ui-modal-install-pwa.js,1033,
function-declaration,daysBetween,03-ui-modal-install-pwa.js,1034,
function-declaration,ensureDailyChallenges,03-ui-modal-install-pwa.js,1035,
function-declaration,dailyDefinition,03-ui-modal-install-pwa.js,1036,
function-declaration,trackDaily,03-ui-modal-install-pwa.js,1037,
function-declaration,updateDailyBadge,04-education-daily-quiz.js,1043,
function-declaration,claimDailyQuest,04-education-daily-quiz.js,1044,
function-declaration,seeded,04-education-daily-quiz.js,1058,
function-declaration,shuffled,04-education-daily-quiz.js,1059,
function-declaration,choiceSet,04-education-daily-quiz.js,1060,
function-declaration,mathRound,04-education-daily-quiz.js,1061,
function-declaration,portugueseRound,04-education-daily-quiz.js,1070,
function-declaration,englishRound,04-education-daily-quiz.js,1079,
function-declaration,generateEducationRounds,04-education-daily-quiz.js,1088,
function-declaration,subjectLevelRecord,04-education-daily-quiz.js,1089,
function-declaration,subjectUnlocked,04-education-daily-quiz.js,1090,
function-declaration,educationSummary,04-education-daily-quiz.js,1091,
function-declaration,speakKidWord,04-education-daily-quiz.js,1092,
function-declaration,dailyChallengesHtml,04-education-daily-quiz.js,1093,
function-declaration,educationSubjectHtml,04-education-daily-quiz.js,1094,
function-declaration,openEducationHub,04-education-daily-quiz.js,1095,
function-declaration,openChallengeHub,04-education-daily-quiz.js,1105,
function-declaration,openDailyChallenges,04-education-daily-quiz.js,1106,
function-declaration,runEducationGame,04-education-daily-quiz.js,1107,
function-declaration,startSoloEducationGame,04-education-daily-quiz.js,1121,
function-declaration,finishSoloEducationGame,04-education-daily-quiz.js,1122,
function-declaration,startCinematicEmote,04-education-daily-quiz.js,1125,
function-declaration,triggerEmote,04-education-daily-quiz.js,1128,
function-declaration,openQuiz,04-education-daily-quiz.js,1139,
function-declaration,openCollection,04-education-daily-quiz.js,1142,
function-declaration,effectiveAvatarUniform,04-education-daily-quiz.js,1161,
function-declaration,avatarChoiceGroup,04-education-daily-quiz.js,1169,
function-declaration,openAvatarStudio,05-avatar-life-customization.js,1174,
function-declaration,openLifePanel,05-avatar-life-customization.js,1184,
function-declaration,openMolds,05-avatar-life-customization.js,1200,
function-declaration,openHow,05-avatar-life-customization.js,1203,
function-declaration,deriveMissionFlags,05-avatar-life-customization.js,1302,
function-declaration,evaluateMissions,05-avatar-life-customization.js,1314,
function-declaration,updateMissionHUD,06-missions-profile-hud-inventory-tools.js,1332,
function-declaration,objectiveStatusLabel,06-missions-profile-hud-inventory-tools.js,1353,
function-declaration,skillMasterySummary,06-missions-profile-hud-inventory-tools.js,1354,
function-declaration,pinChapter,06-missions-profile-hud-inventory-tools.js,1355,
function-declaration,openObjectivesPanel,06-missions-profile-hud-inventory-tools.js,1356,
function-declaration,sanitizePlayerName,06-missions-profile-hud-inventory-tools.js,1364,
function-declaration,hasValidPlayerName,06-missions-profile-hud-inventory-tools.js,1365,
function-declaration,playerDisplayName,06-missions-profile-hud-inventory-tools.js,1366,
function-declaration,playerText,06-missions-profile-hud-inventory-tools.js,1367,
function-declaration,updatePlayerNameUI,06-missions-profile-hud-inventory-tools.js,1368,
function-declaration,applyPlayerName,06-missions-profile-hud-inventory-tools.js,1369,
function-declaration,openPlayerNameModal,06-missions-profile-hud-inventory-tools.js,1370,
function-declaration,updateLobbyStats,06-missions-profile-hud-inventory-tools.js,1375,
function-declaration,updateHUD,06-missions-profile-hud-inventory-tools.js,1382,
function-declaration,openInventory,06-missions-profile-hud-inventory-tools.js,1397,
function-declaration,equippedTool,06-missions-profile-hud-inventory-tools.js,1410,
function-declaration,equipTool,06-missions-profile-hud-inventory-tools.js,1411,
function-declaration,openToolbelt,06-missions-profile-hud-inventory-tools.js,1414,
function-declaration,refreshEquippedToolVisual,06-missions-profile-hud-inventory-tools.js,1417,
function-declaration,playToolAnimation,06-missions-profile-hud-inventory-tools.js,1431,
function-declaration,routeLength,06-missions-profile-hud-inventory-tools.js,1440,
function-declaration,compactRoute,06-missions-profile-hud-inventory-tools.js,1441,
function-declaration,projectPointToSegment,06-missions-profile-hud-inventory-tools.js,1442,
function-declaration,navBlocked,06-missions-profile-hud-inventory-tools.js,1443,
function-declaration,segmentClear,06-missions-profile-hud-inventory-tools.js,1444,
function-declaration,nearestRoadProjection,06-missions-profile-hud-inventory-tools.js,1445,
function-declaration,pointOnRoad,06-missions-profile-hud-inventory-tools.js,1446,
function-declaration,projectPointToPolyline,06-missions-profile-hud-inventory-tools.js,1447,
function-declaration,snapTrafficToRoad,06-missions-profile-hud-inventory-tools.js,1452,
function-declaration,trafficActorList,07-navigation-traffic-routes.js,1458,
function-declaration,trafficPriority,07-navigation-traffic-routes.js,1470,
function-declaration,trafficSpeedFactor,07-navigation-traffic-routes.js,1471,
function-declaration,captureTrafficPositions,07-navigation-traffic-routes.js,1481,
function-declaration,resolveTrafficOverlaps,07-navigation-traffic-routes.js,1482,
function-declaration,graphAdd,07-navigation-traffic-routes.js,1493,
function-declaration,graphShortest,07-navigation-traffic-routes.js,1494,
function-declaration,buildRoutePoints,07-navigation-traffic-routes.js,1495,
function-declaration,routeProgressInfo,07-navigation-traffic-routes.js,1507,
function-declaration,remainingRoute,07-navigation-traffic-routes.js,1508,
function-declaration,sampleRoute,07-navigation-traffic-routes.js,1509,
function-declaration,createRouteGuide,07-navigation-traffic-routes.js,1510,
function-declaration,updateRouteGuide,07-navigation-traffic-routes.js,1511,
function-declaration,miniPoint,07-navigation-traffic-routes.js,1512,
function-declaration,miniMapLogicalSize,07-navigation-traffic-routes.js,1513,
function-declaration,miniMapScale,07-navigation-traffic-routes.js,1514,
function-declaration,drawMiniMap,07-navigation-traffic-routes.js,1515,
function-declaration,updateNavigation,07-navigation-traffic-routes.js,1524,
function-declaration,routeSvgMarkup,07-navigation-traffic-routes.js,1525,
function-declaration,mapLocationDetails,07-navigation-traffic-routes.js,1588,
function-declaration,worldToMap,07-navigation-traffic-routes.js,1589,
function-declaration,missionMapLocations,07-navigation-traffic-routes.js,1590,
function-declaration,onlinePlayerMapLocations,07-navigation-traffic-routes.js,1596,
function-declaration,currentMapLocations,07-navigation-traffic-routes.js,1597,
function-declaration,mapDistance,07-navigation-traffic-routes.js,1598,
function-declaration,mapMarkerPlacements,07-navigation-traffic-routes.js,1600,
function-declaration,applyMapMarkerPlacements,08-map-parent-settings.js,1636,
function-declaration,mapVisualNodes,08-map-parent-settings.js,1645,
function-declaration,mapClusterSelectionMarkup,08-map-parent-settings.js,1657,
function-declaration,mapSelectionMarkup,08-map-parent-settings.js,1658,
function-declaration,setWaypoint,08-map-parent-settings.js,1662,
function-declaration,clearWaypoint,08-map-parent-settings.js,1667,
function-declaration,openMap,08-map-parent-settings.js,1668,
function-declaration,refreshOpenMapAfterResize,08-map-parent-settings.js,1685,
function-declaration,performLocalReset,08-map-parent-settings.js,1688,
function-declaration,openFinalResetConfirmation,08-map-parent-settings.js,1691,
function-declaration,formatPlayTime,08-map-parent-settings.js,1697,
function-declaration,openParentGate,08-map-parent-settings.js,1726,
function-declaration,openSettings,08-map-parent-settings.js,1737,
function-declaration,syncMobilePanels,08-map-parent-settings.js,1788,
top-level-arrow,toggleMission,09-responsive-ar-quality-diagnostics.js,1818,const toggleMission = () => openObjectivesPanel();
function-declaration,otthiGameModelUrl,09-responsive-ar-quality-diagnostics.js,1837,
function-declaration,androidSceneViewerUrl,09-responsive-ar-quality-diagnostics.js,1841,
function-declaration,isAndroidDevice,09-responsive-ar-quality-diagnostics.js,1851,
function-declaration,openAndroidSceneViewer,09-responsive-ar-quality-diagnostics.js,1855,
function-declaration,detectStableAutoTier,09-responsive-ar-quality-diagnostics.js,1897,
function-declaration,vehiclePlayerMode,09-responsive-ar-quality-diagnostics.js,1917,
function-declaration,derivePlayerMode,09-responsive-ar-quality-diagnostics.js,1924,
function-declaration,auditPlayerMode,09-responsive-ar-quality-diagnostics.js,1935,
function-declaration,isOnFootMode,09-responsive-ar-quality-diagnostics.js,1951,
function-declaration,canEnterMobility,09-responsive-ar-quality-diagnostics.js,1952,
function-declaration,cameraRelativeVector,09-responsive-ar-quality-diagnostics.js,1957,
function-declaration,normalizeControlIntent,09-responsive-ar-quality-diagnostics.js,1962,
function-declaration,requestedQuality,09-responsive-ar-quality-diagnostics.js,1970,
function-declaration,qualityLabel,09-responsive-ar-quality-diagnostics.js,1971,
function-declaration,qualityTier,09-responsive-ar-quality-diagnostics.js,1972,
function-declaration,targetDpr,09-responsive-ar-quality-diagnostics.js,1973,
function-declaration,applyAdaptiveRenderSettings,09-responsive-ar-quality-diagnostics.js,1979,
function-declaration,samplePerformance,09-responsive-ar-quality-diagnostics.js,1989,
function-declaration,lockStableSceneVisibility,09-responsive-ar-quality-diagnostics.js,2009,
function-declaration,freezeWorldFrustumCulling,09-responsive-ar-quality-diagnostics.js,2016,
function-declaration,updateVisualLOD,09-responsive-ar-quality-diagnostics.js,2032,
function-declaration,pwaInstalled,09-responsive-ar-quality-diagnostics.js,2039,
function-declaration,activeVehicleCount,09-responsive-ar-quality-diagnostics.js,2040,
function-declaration,runtimeDiagnostics,09-responsive-ar-quality-diagnostics.js,2041,
function-declaration,ensureTechnicalPanel,09-responsive-ar-quality-diagnostics.js,2045,
function-declaration,refreshTechnicalPanel,09-responsive-ar-quality-diagnostics.js,2048,
function-declaration,toggleTechnicalPanel,09-responsive-ar-quality-diagnostics.js,2049,
function-declaration,initTechnicalPanel,09-responsive-ar-quality-diagnostics.js,2050,
function-declaration,playerScaleValue,09-responsive-ar-quality-diagnostics.js,2054,
function-declaration,skillReady,09-responsive-ar-quality-diagnostics.js,2057,
function-declaration,recordAdvancedSkill,09-responsive-ar-quality-diagnostics.js,2058,
function-declaration,collectCrystal,09-responsive-ar-quality-diagnostics.js,2064,
function-declaration,syncPlayerRootScale,09-responsive-ar-quality-diagnostics.js,2067,
function-declaration,setScaleMode,10-player-skills.js,2077,
top-level-arrow,skillButtons,10-player-skills.js,2078,"const skillButtons={miniDash:()=>els.miniBtn,superJump:()=>els.normalBtn,giantSlam:()=>els.giantBtn,stealth:()=>els.crouchBtn,magnetSpin:()=>els.spinBtn};"
function-declaration,toggleCrouch,10-player-skills.js,2097,
function-declaration,spinPlayer,10-player-skills.js,2107,
function-declaration,updateAbilityUI,10-player-skills.js,2114,
function-declaration,canvasTexture,10-player-skills.js,2121,
function-declaration,professionalTexture,11-render-materials-player-model.js,2158,
function-declaration,initMaterials,11-render-materials-player-model.js,2166,
function-declaration,mat,11-render-materials-player-model.js,2213,
function-declaration,geometryKey,11-render-materials-player-model.js,2222,
function-declaration,sharedBoxGeometry,11-render-materials-player-model.js,2223,
function-declaration,sharedCylinderGeometry,11-render-materials-player-model.js,2229,
function-declaration,renderMat,11-render-materials-player-model.js,2235,
function-declaration,tintedBrickMaterial,11-render-materials-player-model.js,2242,
function-declaration,texturedRoofMaterial,11-render-materials-player-model.js,2247,
function-declaration,visualCacheHasValue,11-render-materials-player-model.js,2250,
function-declaration,visualCacheOwnsGeometry,11-render-materials-player-model.js,2255,
function-declaration,visualCacheOwnsMaterial,11-render-materials-player-model.js,2258,
function-declaration,visualCacheOwnsTexture,11-render-materials-player-model.js,2261,
function-declaration,disposeDetachedVisual,11-render-materials-player-model.js,2262,
function-declaration,addSoftHighlight,11-render-materials-player-model.js,2282,
function-declaration,box,11-render-materials-player-model.js,2287,
function-declaration,stabilizeSurface,11-render-materials-player-model.js,2292,
function-declaration,stableBox,11-render-materials-player-model.js,2293,
function-declaration,cylinder,11-render-materials-player-model.js,2294,
function-declaration,addGlow,11-render-materials-player-model.js,2299,
function-declaration,addVoxelOutline,11-render-materials-player-model.js,2303,
function-declaration,premiumBox,11-render-materials-player-model.js,2313,
function-declaration,premiumCylinder,11-render-materials-player-model.js,2316,
function-declaration,makeWindow,11-render-materials-player-model.js,2319,
function-declaration,makePlanter,11-render-materials-player-model.js,2323,
function-declaration,createPlayerModel,11-render-materials-player-model.js,2327,
function-declaration,loadFaithfulAthosModel,11-render-materials-player-model.js,2390,
function-declaration,clearAvatarLayer,11-render-materials-player-model.js,2396,
function-declaration,avatarPartLayer,11-render-materials-player-model.js,2404,
function-declaration,addUniformPatch,11-render-materials-player-model.js,2409,
function-declaration,addUniformLimb,11-render-materials-player-model.js,2413,
function-declaration,uniformPalette,11-render-materials-player-model.js,2416,
function-declaration,dressAnimatedAvatar,11-render-materials-player-model.js,2429,
function-declaration,applyAvatarCustomization,11-render-materials-player-model.js,2450,
function-declaration,registerCollider,11-render-materials-player-model.js,2481,
function-declaration,registerPlatform,11-render-materials-player-model.js,2482,
function-declaration,registerInteractable,11-render-materials-player-model.js,2483,
function-declaration,worldPos,11-render-materials-player-model.js,2484,
function-declaration,isInteractionAvailable,11-render-materials-player-model.js,2488,
function-declaration,ensureFlowerBatch,11-render-materials-player-model.js,2495,
function-declaration,createTree,11-render-materials-player-model.js,2509,
function-declaration,createRock,12-world-resources-nature.js,2531,
function-declaration,createGoldFoundry,12-world-resources-nature.js,2537,
function-declaration,createGoldMine,12-world-resources-nature.js,2545,
function-declaration,createVillageWell,12-world-resources-nature.js,2559,
function-declaration,drawWaterFromWell,12-world-resources-nature.js,2568,
function-declaration,createFlower,12-world-resources-nature.js,2573,
function-declaration,createLamp,12-world-resources-nature.js,2583,
function-declaration,createSignpost,12-world-resources-nature.js,2591,
function-declaration,createFenceLine,12-world-resources-nature.js,2597,
function-declaration,createRoad,12-world-resources-nature.js,2601,
function-declaration,createWater,12-world-resources-nature.js,2619,
function-declaration,createLava,12-world-resources-nature.js,2620,
function-declaration,createFurniture,12-world-resources-nature.js,2622,
function-declaration,signTexture,12-world-resources-nature.js,2684,
function-declaration,shadeColor,12-world-resources-nature.js,2715,
function-declaration,decorateHouseCommercial,12-world-resources-nature.js,2721,
function-declaration,createHouse,12-world-resources-nature.js,2738,
function-declaration,addHouseInterior,13-houses-npcs-vehicles-base.js,2765,
function-declaration,registerActivity,13-houses-npcs-vehicles-base.js,2813,
function-declaration,activityIcon,13-houses-npcs-vehicles-base.js,2817,
function-declaration,createNPC,13-houses-npcs-vehicles-base.js,2819,
function-declaration,createNpcMobility,13-houses-npcs-vehicles-base.js,2838,
function-declaration,createEnemy,13-houses-npcs-vehicles-base.js,2852,
function-declaration,createCrystal,13-houses-npcs-vehicles-base.js,2859,
function-declaration,createChest,13-houses-npcs-vehicles-base.js,2863,
function-declaration,createPlatform,13-houses-npcs-vehicles-base.js,2866,
function-declaration,vehicleById,13-houses-npcs-vehicles-base.js,2867,
function-declaration,currentVehicleRef,13-houses-npcs-vehicles-base.js,2868,
function-declaration,applyVehicleAppearance,13-houses-npcs-vehicles-base.js,2869,
function-declaration,persistParkedVehicle,13-houses-npcs-vehicles-base.js,2874,
function-declaration,createToyCar,13-houses-npcs-vehicles-base.js,2877,
function-declaration,createWaypointMarker,13-houses-npcs-vehicles-base.js,2890,
function-declaration,updateWaypointMarker,13-houses-npcs-vehicles-base.js,2896,
function-declaration,createAthleticsGym,13-houses-npcs-vehicles-base.js,2901,
function-declaration,createSizeChallenges,13-houses-npcs-vehicles-base.js,2924,
function-declaration,createSkyDome,13-houses-npcs-vehicles-base.js,2942,
function-declaration,updateClouds,13-houses-npcs-vehicles-base.js,2958,
function-declaration,createVoxelMushroom,13-houses-npcs-vehicles-base.js,2963,
function-declaration,iconTexture,13-houses-npcs-vehicles-base.js,2972,
function-declaration,createChallengeCube,13-houses-npcs-vehicles-base.js,2975,
function-declaration,createPortalArch,13-houses-npcs-vehicles-base.js,2976,
function-declaration,createPlayground,13-houses-npcs-vehicles-base.js,2982,
function-declaration,createFountain,13-houses-npcs-vehicles-base.js,2986,
function-declaration,createAwning,13-houses-npcs-vehicles-base.js,2987,
function-declaration,createStreetTree,13-houses-npcs-vehicles-base.js,2988,
function-declaration,createBackdropBuilding,14-world-district-decoration.js,2996,
function-declaration,createFloatingIsland,14-world-district-decoration.js,3007,
function-declaration,createCoinTrail,14-world-district-decoration.js,3011,
function-declaration,createCommercialDistrict,14-world-district-decoration.js,3014,
function-declaration,createDistrictVisuals,14-world-district-decoration.js,3023,
function-declaration,compactBusPath,14-world-district-decoration.js,3055,
function-declaration,projectedBusPoint,14-world-district-decoration.js,3058,
function-declaration,offsetBusPath,14-world-district-decoration.js,3059,
function-declaration,buildBusRoadPath,14-world-district-decoration.js,3067,
function-declaration,busRoutePoints,14-world-district-decoration.js,3081,
function-declaration,busNextStop,14-world-district-decoration.js,3082,
function-declaration,nearestForwardBusSegment,14-world-district-decoration.js,3083,
function-declaration,recoverBusRoute,15-transit-bus-metro.js,3088,
function-declaration,setBusState,15-transit-bus-metro.js,3092,
function-declaration,setBusWaiting,15-transit-bus-metro.js,3095,
function-declaration,clearBusWaiting,15-transit-bus-metro.js,3098,
function-declaration,restoreBusWaiting,15-transit-bus-metro.js,3099,
function-declaration,busStopRecord,15-transit-bus-metro.js,3100,
function-declaration,safeBusExitPoint,15-transit-bus-metro.js,3101,
function-declaration,createMetroEntrance,15-transit-bus-metro.js,3107,
function-declaration,ensureMetroOverlay,15-transit-bus-metro.js,3116,
function-declaration,openMetroStation,15-transit-bus-metro.js,3119,
function-declaration,rideMetroTo,15-transit-bus-metro.js,3124,
function-declaration,ensureBusStop,15-transit-bus-metro.js,3138,
function-declaration,busSpawnIndex,15-transit-bus-metro.js,3142,
function-declaration,createBusModel,15-transit-bus-metro.js,3145,
function-declaration,createTransitWorld,15-transit-bus-metro.js,3168,
function-declaration,busAtStop,15-transit-bus-metro.js,3169,
function-declaration,busEtaSeconds,15-transit-bus-metro.js,3170,
function-declaration,validateBusCoverage,15-transit-bus-metro.js,3171,
function-declaration,busDestinationsAfter,15-transit-bus-metro.js,3172,
function-declaration,openBusArrivalOffer,15-transit-bus-metro.js,3175,
function-declaration,offerBusAtStop,15-transit-bus-metro.js,3185,
function-declaration,openBusStop,15-transit-bus-metro.js,3192,
function-declaration,ensureTransitPanel,15-transit-bus-metro.js,3204,
function-declaration,updateTransitPanel,15-transit-bus-metro.js,3207,
function-declaration,enterBus,15-transit-bus-metro.js,3210,
function-declaration,exitBusAtStop,15-transit-bus-metro.js,3221,
function-declaration,updateTransitWorld,15-transit-bus-metro.js,3230,
function-declaration,decorateCityServices,15-transit-bus-metro.js,3276,
function-declaration,serviceKindForJob,15-transit-bus-metro.js,3297,
function-declaration,serviceVehiclePools,15-transit-bus-metro.js,3298,
function-declaration,serviceVehicleById,15-transit-bus-metro.js,3299,
function-declaration,currentServiceMissionJob,15-transit-bus-metro.js,3300,
function-declaration,serviceVehicleAvailable,15-transit-bus-metro.js,3301,
function-declaration,serviceVehicleAppearance,15-transit-bus-metro.js,3302,
function-declaration,safeServiceDepot,15-transit-bus-metro.js,3303,
function-declaration,registerServiceVehicle,15-transit-bus-metro.js,3304,
function-declaration,enterServiceVehicle,15-transit-bus-metro.js,3308,
function-declaration,serviceMissionVehicle,16-emergency-services.js,3311,
function-declaration,serviceVehicleMapLocation,16-emergency-services.js,3312,
function-declaration,reserveMissionServiceVehicle,16-emergency-services.js,3313,
function-declaration,releaseMissionServiceVehicle,16-emergency-services.js,3316,
function-declaration,isDrivingServiceVehicle,16-emergency-services.js,3317,
function-declaration,onServiceVehicleBoarded,16-emergency-services.js,3318,
function-declaration,onServiceVehicleExited,16-emergency-services.js,3319,
function-declaration,returnServiceVehicleHome,16-emergency-services.js,3320,
function-declaration,createFireIncidentSite,16-emergency-services.js,3321,
function-declaration,createFireTruck,16-emergency-services.js,3325,
function-declaration,createFireServiceWorld,16-emergency-services.js,3331,
function-declaration,activateFireIncident,16-emergency-services.js,3332,
function-declaration,ensureActiveFire,16-emergency-services.js,3333,
function-declaration,helpExtinguishFire,16-emergency-services.js,3334,
function-declaration,extinguishFireIncident,16-emergency-services.js,3335,
function-declaration,serviceVehicleRoute,16-emergency-services.js,3336,
function-declaration,moveServiceVehicle,16-emergency-services.js,3337,
function-declaration,updateFireService,16-emergency-services.js,3339,
function-declaration,createPoliceCar,16-emergency-services.js,3351,
function-declaration,createAmbulance,16-emergency-services.js,3360,
function-declaration,createPoliceSystem,16-emergency-services.js,3367,
function-declaration,movePoliceToward,16-emergency-services.js,3372,
function-declaration,updatePolicePatrol,16-emergency-services.js,3376,
function-declaration,updateSafetyPanel,16-emergency-services.js,3379,
function-declaration,startPoliceAlert,16-emergency-services.js,3382,
function-declaration,finishSafetyStop,16-emergency-services.js,3387,
function-declaration,openSafetyLesson,16-emergency-services.js,3391,
function-declaration,updatePoliceSystem,16-emergency-services.js,3401,
function-declaration,moveIncidentResponder,16-emergency-services.js,3413,
function-declaration,incidentServiceLabel,16-emergency-services.js,3419,
function-declaration,lockIncidentActor,16-emergency-services.js,3420,
function-declaration,separateIncidentActors,16-emergency-services.js,3421,
function-declaration,createIncidentVisual,16-emergency-services.js,3422,
function-declaration,createTrafficIncidentAt,16-emergency-services.js,3423,
function-declaration,createTrafficIncident,16-emergency-services.js,3428,
function-declaration,ensureActiveTrafficIncident,16-emergency-services.js,3429,
function-declaration,dispatchIncidentResponder,16-emergency-services.js,3430,
function-declaration,dispatchIncidentResponders,16-emergency-services.js,3434,
function-declaration,assistTrafficIncident,16-emergency-services.js,3435,
function-declaration,markPlayerIncidentArrival,16-emergency-services.js,3438,
function-declaration,releaseIncidentActorStates,16-emergency-services.js,3439,
function-declaration,resolveTrafficIncident,16-emergency-services.js,3440,
function-declaration,updateTrafficIncidents,16-emergency-services.js,3445,
function-declaration,openTransitGuide,16-emergency-services.js,3458,
function-declaration,createRoyalCastle,16-emergency-services.js,3461,
function-declaration,createCastleChallengeTokens,16-emergency-services.js,3487,
function-declaration,openAdventureHub,16-emergency-services.js,3490,
function-declaration,startAdventure,16-emergency-services.js,3493,
function-declaration,restoreActiveAdventure,,3496,
function-declaration,advanceAdventure,17-adventures-learning-world.js,3502,
function-declaration,finishAdventure,17-adventures-learning-world.js,3505,
function-declaration,updateAdventure,17-adventures-learning-world.js,3508,
function-declaration,createLearningStation,17-adventures-learning-world.js,3511,
function-declaration,createLearningPlaza,17-adventures-learning-world.js,3514,
function-declaration,rectOverlap,17-adventures-learning-world.js,3521,
function-declaration,insideWater,17-adventures-learning-world.js,3522,
function-declaration,waterAt,17-adventures-learning-world.js,3523,
function-declaration,isInsideLakeNavigable,17-adventures-learning-world.js,3524,
function-declaration,isNearFishingArea,17-adventures-learning-world.js,3525,
function-declaration,resolveWaterWalking,17-adventures-learning-world.js,3526,
function-declaration,distanceToBoatDock,17-adventures-learning-world.js,3529,
function-declaration,validBoatExit,17-adventures-learning-world.js,3530,
function-declaration,safeBoatExitPoint,17-adventures-learning-world.js,3531,
function-declaration,ensureFishingVisual,17-adventures-learning-world.js,3533,
function-declaration,setFishingLine,17-adventures-learning-world.js,3547,
function-declaration,fishingCastTarget,17-adventures-learning-world.js,3548,
function-declaration,beginFishingVisual,17-adventures-learning-world.js,3555,
function-declaration,castFishingVisual,18-water-fishing-boats.js,3569,
function-declaration,hookFishingVisual,18-water-fishing-boats.js,3570,
function-declaration,pullFishingVisual,18-water-fishing-boats.js,3571,
function-declaration,restoreFishingCamera,18-water-fishing-boats.js,3572,
function-declaration,stopFishingVisual,18-water-fishing-boats.js,3576,
function-declaration,clearFishingTimers,18-water-fishing-boats.js,3583,
function-declaration,setFishingUiActive,18-water-fishing-boats.js,3584,
function-declaration,cancelFishingSession,18-water-fishing-boats.js,3589,
function-declaration,ensureFishingModalStyle,18-water-fishing-boats.js,3590,
function-declaration,updateFishingVisual,18-water-fishing-boats.js,3601,
function-declaration,createShoreFisher,18-water-fishing-boats.js,3612,
function-declaration,createShoreFishingLife,18-water-fishing-boats.js,3618,
function-declaration,updateShoreFishers,18-water-fishing-boats.js,3623,
function-declaration,createBoatModel,18-water-fishing-boats.js,3627,
function-declaration,ensureBoatPanel,18-water-fishing-boats.js,3632,
function-declaration,updateBoatPanel,18-water-fishing-boats.js,3635,
function-declaration,enterBoatAsPassenger,18-water-fishing-boats.js,3645,
function-declaration,exitBoat,18-water-fishing-boats.js,3653,
function-declaration,updateBoatPhysics,18-water-fishing-boats.js,3661,
function-declaration,constrainBoat,18-water-fishing-boats.js,3668,
function-declaration,weightedFish,18-water-fishing-boats.js,3669,
function-declaration,startFishing,18-water-fishing-boats.js,3670,
function-declaration,campfireAllowed,18-water-fishing-boats.js,3679,
function-declaration,spawnCampfire,18-water-fishing-boats.js,3680,
function-declaration,nearestActiveCampfire,18-water-fishing-boats.js,3683,
function-declaration,finishCampfireCooking,18-water-fishing-boats.js,3685,
function-declaration,openCampfire,18-water-fishing-boats.js,3686,
function-declaration,openNearestCampfire,18-water-fishing-boats.js,3689,
function-declaration,openCampfireZone,18-water-fishing-boats.js,3690,
function-declaration,createCampfireZone,18-water-fishing-boats.js,3691,
function-declaration,createForestAnimal,18-water-fishing-boats.js,3692,
function-declaration,startHunting,18-water-fishing-boats.js,3693,
function-declaration,createHuntingArea,18-water-fishing-boats.js,3694,
function-declaration,nearestOwnedHouseForExtension,18-water-fishing-boats.js,3695,
function-declaration,extensionPlacement,18-water-fishing-boats.js,3696,
function-declaration,extensionValid,18-water-fishing-boats.js,3697,
function-declaration,furnitureCatalogForRoom,18-water-fishing-boats.js,3709,
function-declaration,furnitureSpec,18-water-fishing-boats.js,3710,
function-declaration,furnitureForExtension,18-water-fishing-boats.js,3711,
function-declaration,furnitureFootprint,18-water-fishing-boats.js,3712,
function-declaration,furniturePlacementValid,18-water-fishing-boats.js,3713,
function-declaration,disposeFurnitureGroup,18-water-fishing-boats.js,3714,
function-declaration,clearFurniturePreview,18-water-fishing-boats.js,3715,
function-declaration,clearExtensionPreview,18-water-fishing-boats.js,3716,
function-declaration,renderExtensionPreview,18-water-fishing-boats.js,3717,
function-declaration,createFurnitureModel,,3718,
function-declaration,renderExtensionFurniture,19-campfire-hunting-house-extensions.js,3742,
function-declaration,renderFurniturePreview,19-campfire-hunting-house-extensions.js,3743,
function-declaration,nextFurnitureSlot,19-campfire-hunting-house-extensions.js,3744,
function-declaration,openFurniturePlacement,19-campfire-hunting-house-extensions.js,3745,
function-declaration,openFurnitureManager,19-campfire-hunting-house-extensions.js,3747,
function-declaration,spawnHouseExtension,19-campfire-hunting-house-extensions.js,3748,
function-declaration,resourcesEnough,19-campfire-hunting-house-extensions.js,3749,
function-declaration,costText,19-campfire-hunting-house-extensions.js,3750,
function-declaration,openHouseExtensionPlanner,19-campfire-hunting-house-extensions.js,3751,
function-declaration,openHouseExtensionMenu,19-campfire-hunting-house-extensions.js,3752,
function-declaration,createLakeExpansion,19-campfire-hunting-house-extensions.js,3753,
function-declaration,restoreLifeExpansion,19-campfire-hunting-house-extensions.js,3758,
function-declaration,updateLifeActivities,19-campfire-hunting-house-extensions.js,3759,
function-declaration,createLifeExpansionWorld,19-campfire-hunting-house-extensions.js,3763,
function-declaration,buildWorld,19-campfire-hunting-house-extensions.js,3764,
function-declaration,collectResource,20-world-build-cloud-houses.js,3825,
function-declaration,openChest,20-world-build-cloud-houses.js,3835,
function-declaration,cloudHouseRecord,20-world-build-cloud-houses.js,3842,
function-declaration,isMyCloudHouse,20-world-build-cloud-houses.js,3843,
function-declaration,reconcileCloudHouses,20-world-build-cloud-houses.js,3844,
function-declaration,enterHouse,20-world-build-cloud-houses.js,3874,
function-declaration,exitHouse,20-world-build-cloud-houses.js,3886,
function-declaration,openHomeChest,20-world-build-cloud-houses.js,3898,
function-declaration,useActivity,20-world-build-cloud-houses.js,3906,
function-declaration,openShop,20-world-build-cloud-houses.js,3934,
function-declaration,openWorkshop,20-world-build-cloud-houses.js,3940,
function-declaration,friendshipTier,,3949,
function-declaration,changeFriendship,21-interactions-shop-social-races.js,3950,
function-declaration,talkToNPC,21-interactions-shop-social-races.js,3955,
function-declaration,openHouseChallenge,21-interactions-shop-social-races.js,4003,
function-declaration,openRaceCenter,21-interactions-shop-social-races.js,4010,
function-declaration,createRaceOpponent,21-interactions-shop-social-races.js,4016,
function-declaration,clearRaceObjects,21-interactions-shop-social-races.js,4019,
function-declaration,spawnRaceCoins,21-interactions-shop-social-races.js,4024,
function-declaration,startRace,21-interactions-shop-social-races.js,4030,
function-declaration,finishRace,21-interactions-shop-social-races.js,4041,
function-declaration,updateRace,21-interactions-shop-social-races.js,4051,
function-declaration,setMissionState,21-interactions-shop-social-races.js,4082,
function-declaration,missionVehicleName,21-interactions-shop-social-races.js,4083,
function-declaration,missionInstructionSteps,21-interactions-shop-social-races.js,4084,
function-declaration,missionBriefingMarkup,21-interactions-shop-social-races.js,4085,
function-declaration,equipJobUniform,21-interactions-shop-social-races.js,4086,
function-declaration,focusActiveJob,21-interactions-shop-social-races.js,4091,
function-declaration,activeJobProgress,21-interactions-shop-social-races.js,4110,
function-declaration,openJobCenter,21-interactions-shop-social-races.js,4121,
function-declaration,startJob,22-careers-jobs-uniforms.js,4130,
function-declaration,completeActiveJob,22-careers-jobs-uniforms.js,4139,
function-declaration,checkActiveJob,22-careers-jobs-uniforms.js,4153,
function-declaration,restoreActiveJobRuntime,22-careers-jobs-uniforms.js,4161,
function-declaration,updateCareerMissions,22-careers-jobs-uniforms.js,4164,
function-declaration,openTeacherJobLesson,22-careers-jobs-uniforms.js,4176,
function-declaration,openFireStationDesk,22-careers-jobs-uniforms.js,4180,
function-declaration,startDeliveryJob,22-careers-jobs-uniforms.js,4192,
function-declaration,clearServiceVehicleVisual,22-careers-jobs-uniforms.js,4197,
function-declaration,serviceVehicleIcon,22-careers-jobs-uniforms.js,4201,
function-declaration,applyServiceVehicleVisual,22-careers-jobs-uniforms.js,4202,
function-declaration,spawnDust,22-careers-jobs-uniforms.js,4215,
function-declaration,updateFX,22-careers-jobs-uniforms.js,4221,
function-declaration,startEngineSound,22-careers-jobs-uniforms.js,4231,
function-declaration,stopEngineSound,22-careers-jobs-uniforms.js,4242,
function-declaration,updateVehicleFX,23-vehicle-effects-driving.js,4247,
function-declaration,mobilityDriverActive,23-vehicle-effects-driving.js,4272,
function-declaration,updateMobilityControlLabels,23-vehicle-effects-driving.js,4273,
function-declaration,updateVehicleControlsUI,23-vehicle-effects-driving.js,4281,
function-declaration,vehicleHorn,23-vehicle-effects-driving.js,4289,
function-declaration,enterVehicle,23-vehicle-effects-driving.js,4292,
function-declaration,enterVehicleAsPassenger,23-vehicle-effects-driving.js,4300,
function-declaration,exitVehicle,23-vehicle-effects-driving.js,4309,
function-declaration,repairBridge,23-vehicle-effects-driving.js,4318,
function-declaration,buildCostText,23-vehicle-effects-driving.js,4333,
function-declaration,currentBuildOwnerIds,23-vehicle-effects-driving.js,4334,
function-declaration,buildOwnedByPlayer,23-vehicle-effects-driving.js,4335,
function-declaration,buildFootprint,23-vehicle-effects-driving.js,4336,
function-declaration,buildPlacementCandidate,23-vehicle-effects-driving.js,4340,
function-declaration,canBuildAt,23-vehicle-effects-driving.js,4346,
function-declaration,createBuildPreviewMesh,23-vehicle-effects-driving.js,4357,
function-declaration,disposeBuildPreview,23-vehicle-effects-driving.js,4369,
function-declaration,ensureBuildPanel,23-vehicle-effects-driving.js,4372,
function-declaration,updateBuildPanel,23-vehicle-effects-driving.js,4377,
function-declaration,updateBuildPreview,,4382,
function-declaration,beginBuildMode,24-construction-system.js,4388,
function-declaration,endBuildMode,24-construction-system.js,4392,
function-declaration,rotateBuildPreview,24-construction-system.js,4395,
function-declaration,openBuildMenu,24-construction-system.js,4396,
function-declaration,placeBuild,24-construction-system.js,4403,
function-declaration,spawnBuild,24-construction-system.js,4414,
function-declaration,buildRecordSignature,24-construction-system.js,4427,
function-declaration,removeWorldBuildRecord,24-construction-system.js,4428,
function-declaration,reconcileWorldBuilds,24-construction-system.js,4431,
function-declaration,initThree,24-construction-system.js,4443,
function-declaration,applyQuality,24-construction-system.js,4452,
function-declaration,viewportMetrics,24-construction-system.js,4453,
function-declaration,resize,24-construction-system.js,4466,
function-declaration,scheduleStableResize,24-construction-system.js,4480,
function-declaration,ensureViewportCoherence,24-construction-system.js,4481,
function-declaration,refreshOrientationLayout,24-construction-system.js,4485,
function-declaration,restorePosition,24-construction-system.js,4490,
function-declaration,returnHome,25-render-init-resize-position-collision.js,4496,
function-declaration,savePlayerPosition,25-render-init-resize-position-collision.js,4503,
function-declaration,groundHeightAt,25-render-init-resize-position-collision.js,4515,
function-declaration,positionBlockedForPlayer,25-render-init-resize-position-collision.js,4518,
function-declaration,safePointNear,25-render-init-resize-position-collision.js,4535,
function-declaration,rememberSafePlayerPosition,25-render-init-resize-position-collision.js,4540,
function-declaration,recoverPlayerIfInvalid,25-render-init-resize-position-collision.js,4545,
function-declaration,safeVehicleExitPoint,25-render-init-resize-position-collision.js,4552,
function-declaration,vehicleHitsCollider,25-render-init-resize-position-collision.js,4556,
top-level-arrow,autoSaveInterval,25-render-init-resize-position-collision.js,4562,"const autoSaveInterval=setInterval(()=>{if(running){savePlayerPosition(true);}},8000);"
function-declaration,registerVehicleImpact,25-render-init-resize-position-collision.js,4565,
function-declaration,resolveCollisions,25-render-init-resize-position-collision.js,4569,
function-declaration,resolveMovementInput,25-render-init-resize-position-collision.js,4583,
function-declaration,sprintRequested,25-render-init-resize-position-collision.js,4600,
function-declaration,updateRunUI,25-render-init-resize-position-collision.js,4601,
function-declaration,clearMovementInputs,25-render-init-resize-position-collision.js,4604,
function-declaration,canJump,25-render-init-resize-position-collision.js,4612,
function-declaration,requestJump,25-render-init-resize-position-collision.js,4613,
function-declaration,doJump,25-render-init-resize-position-collision.js,4614,
function-declaration,updatePlayer,25-render-init-resize-position-collision.js,4615,
function-declaration,mobilityThrottleIntent,26-input-player-physics.js,4650,
function-declaration,updateVehiclePhysics,26-input-player-physics.js,4663,
function-declaration,animatePlayer,26-input-player-physics.js,4678,
function-declaration,checkHazards,26-input-player-physics.js,4703,
function-declaration,collectNearbyCrystals,26-input-player-physics.js,4706,
function-declaration,npcSpeech,26-input-player-physics.js,4710,
function-declaration,nearestRideCompanion,26-input-player-physics.js,4711,
function-declaration,nearestBoardableNpc,26-input-player-physics.js,4714,
function-declaration,boardNpcPassenger,26-input-player-physics.js,4717,
function-declaration,releaseNpcPassenger,26-input-player-physics.js,4720,
function-declaration,updateNpcSociety,26-input-player-physics.js,4723,
function-declaration,updateNPCs,26-input-player-physics.js,4733,
function-declaration,updateEnemies,27-npc-enemies-combat-camera-action.js,4770,
function-declaration,meleeAttack,27-npc-enemies-combat-camera-action.js,4779,
function-declaration,damageEnemy,27-npc-enemies-combat-camera-action.js,4784,
function-declaration,firePower,27-npc-enemies-combat-camera-action.js,4788,
function-declaration,updateFireballs,27-npc-enemies-combat-camera-action.js,4794,
function-declaration,updateCamera,27-npc-enemies-combat-camera-action.js,4798,
function-declaration,nearestInteractable,27-npc-enemies-combat-camera-action.js,4830,
function-declaration,updateContext,27-npc-enemies-combat-camera-action.js,4848,
function-declaration,doAction,27-npc-enemies-combat-camera-action.js,4852,
function-declaration,updateNeeds,27-npc-enemies-combat-camera-action.js,4864,
function-declaration,multiplayerGameLabel,27-npc-enemies-combat-camera-action.js,4872,
function-declaration,guardianMultiplayerAllowed,27-npc-enemies-combat-camera-action.js,4873,
function-declaration,guardianCommunicationAllowed,27-npc-enemies-combat-camera-action.js,4874,
function-declaration,publicPlayerName,27-npc-enemies-combat-camera-action.js,4875,
function-declaration,remotePlayerName,27-npc-enemies-combat-camera-action.js,4879,
function-declaration,sanitizeRemoteSession,27-npc-enemies-combat-camera-action.js,4882,
function-declaration,pendingChallenges,27-npc-enemies-combat-camera-action.js,4887,
function-declaration,readyGameSessions,27-npc-enemies-combat-camera-action.js,4888,
function-declaration,closeChallengePrompt,27-npc-enemies-combat-camera-action.js,4889,
function-declaration,showIncomingChallengePrompt,27-npc-enemies-combat-camera-action.js,4890,
function-declaration,showReadySessionPrompt,27-npc-enemies-combat-camera-action.js,4891,
function-declaration,socialActionLabel,27-npc-enemies-combat-camera-action.js,4893,
function-declaration,socialRequestPending,27-npc-enemies-combat-camera-action.js,4894,
function-declaration,showIncomingSocialRequest,27-npc-enemies-combat-camera-action.js,4895,
function-declaration,applyAcceptedSocialAction,27-npc-enemies-combat-camera-action.js,4908,
function-declaration,updateOnlineAttention,27-npc-enemies-combat-camera-action.js,4926,
function-declaration,challengeInboxHtml,27-npc-enemies-combat-camera-action.js,4927,
function-declaration,socialRequestInboxHtml,27-npc-enemies-combat-camera-action.js,4928,
function-declaration,completedGameSessions,,4929,
function-declaration,rememberMatchResult,28-multiplayer-social-online.js,4930,
function-declaration,duelHistoryHtml,28-multiplayer-social-online.js,4931,
function-declaration,activeSessionsHtml,28-multiplayer-social-online.js,4932,
function-declaration,bindChallengeCards,28-multiplayer-social-online.js,4933,
function-declaration,highestUnlockedLevel,28-multiplayer-social-online.js,4936,
function-declaration,openChallengePicker,28-multiplayer-social-online.js,4937,
function-declaration,sessionOpponentName,28-multiplayer-social-online.js,4938,
function-declaration,startMultiplayerEducationGame,28-multiplayer-social-online.js,4939,
function-declaration,maybeShowMultiplayerResult,28-multiplayer-social-online.js,4940,
function-declaration,currentOnlineRoom,28-multiplayer-social-online.js,4941,
function-declaration,multiplayerStatusText,28-multiplayer-social-online.js,4942,
function-declaration,updateMultiplayerBadge,28-multiplayer-social-online.js,4943,
function-declaration,onlinePlayers,28-multiplayer-social-online.js,4944,
function-declaration,onlinePlayerListHtml,28-multiplayer-social-online.js,4945,
function-declaration,bindOnlinePlayerCards,28-multiplayer-social-online.js,4946,
function-declaration,refreshOpenSocialHub,28-multiplayer-social-online.js,4947,
function-declaration,approvedChatPhrases,28-multiplayer-social-online.js,4948,
function-declaration,openSocialHub,28-multiplayer-social-online.js,4949,
function-declaration,escapeHtml,28-multiplayer-social-online.js,4960,
function-declaration,chatMessageHtml,28-multiplayer-social-online.js,4961,
function-declaration,openReportPlayer,28-multiplayer-social-online.js,4962,
function-declaration,openRemotePlayerActions,28-multiplayer-social-online.js,4969,
function-declaration,nearestRemotePlayer,28-multiplayer-social-online.js,4989,
function-declaration,openMultiplayerConfig,28-multiplayer-social-online.js,4990,
function-declaration,applyCloudWorldObjects,28-multiplayer-social-online.js,4991,
function-declaration,remotePlayerEvent,28-multiplayer-social-online.js,4998,
function-declaration,initLocalMultiplayer,28-multiplayer-social-online.js,5030,
function-declaration,multiplayerNameTexture,28-multiplayer-social-online.js,5034,
function-declaration,updateLocalPlayerNameLabel,28-multiplayer-social-online.js,5035,
function-declaration,updateGhostName,28-multiplayer-social-online.js,5036,
function-declaration,ghostVehicleKind,28-multiplayer-social-online.js,5037,
function-declaration,styleGhostVehicle,28-multiplayer-social-online.js,5038,
function-declaration,createGhost,28-multiplayer-social-online.js,5045,
function-declaration,updateMultiplayer,28-multiplayer-social-online.js,5052,
function-declaration,updatePlayUsage,28-multiplayer-social-online.js,5065,
function-declaration,showWorldLoading,28-multiplayer-social-online.js,5083,
function-declaration,showWorldLoadFailure,28-multiplayer-social-online.js,5088,
function-declaration,gameLoop,28-multiplayer-social-online.js,5096,
function-declaration,setupControls,29-game-loop-controls-gamepad.js,5128,
top-level-arrow,nextPaint,29-game-loop-controls-gamepad.js,5142,const nextPaint=()=>new Promise(resolve=>requestAnimationFrame(()=>resolve()));
function-declaration,pollGamepad,29-game-loop-controls-gamepad.js,5154,
function-declaration,stopGame,29-game-loop-controls-gamepad.js,5178,
function-declaration,openPauseMenu,29-game-loop-controls-gamepad.js,5184,
function-declaration,updateBridgeVisual,29-game-loop-controls-gamepad.js,5196,
function-declaration,prepareVehicleTestArea,29-game-loop-controls-gamepad.js,5199,
function-declaration,stepVehicleSimulation,29-game-loop-controls-gamepad.js,5212,
function-declaration,roomWorldInfo,30-pause-tests-public-api-bootstrap.js,5362,
function-declaration,roomHouseMarkers,30-pause-tests-public-api-bootstrap.js,5363,
function-declaration,mapHouseLocations,30-pause-tests-public-api-bootstrap.js,5364,
function-declaration,mapRegionsMarkup,30-pause-tests-public-api-bootstrap.js,5365,
function-declaration,clearRemoteRoomEntities,30-pause-tests-public-api-bootstrap.js,5366,
function-declaration,resetMobilityForRoomChange,30-pause-tests-public-api-bootstrap.js,5370,
function-declaration,canChangeRoom,30-pause-tests-public-api-bootstrap.js,5375,
function-declaration,focusCurrentRoom,30-pause-tests-public-api-bootstrap.js,5376,
function-declaration,applyRoomWorld,30-pause-tests-public-api-bootstrap.js,5377,
function-declaration,ensureCooperativeState,30-pause-tests-public-api-bootstrap.js,5398,
function-declaration,coopUid,30-pause-tests-public-api-bootstrap.js,5399,
function-declaration,coopMissionTemplate,30-pause-tests-public-api-bootstrap.js,5400,
function-declaration,activeCoopMission,30-pause-tests-public-api-bootstrap.js,5401,
function-declaration,activeCoopRecord,30-pause-tests-public-api-bootstrap.js,5402,
function-declaration,activeCoopServiceJob,30-pause-tests-public-api-bootstrap.js,5403,
function-declaration,coopParticipants,30-pause-tests-public-api-bootstrap.js,5404,
function-declaration,coopOwnParticipant,30-pause-tests-public-api-bootstrap.js,5405,
function-declaration,coopRoleLabel,30-pause-tests-public-api-bootstrap.js,5406,
function-declaration,coopProgress,30-pause-tests-public-api-bootstrap.js,5407,
function-declaration,coopEventValues,30-pause-tests-public-api-bootstrap.js,5408,
function-declaration,coopHasEvent,30-pause-tests-public-api-bootstrap.js,5409,
function-declaration,coopIndividualCount,30-pause-tests-public-api-bootstrap.js,5410,
function-declaration,coopRoleCapacity,30-pause-tests-public-api-bootstrap.js,5411,
function-declaration,coopRoleTaken,30-pause-tests-public-api-bootstrap.js,5412,
function-declaration,coopEventSubjectId,30-pause-tests-public-api-bootstrap.js,5413,
function-declaration,coopMedicalDestination,30-pause-tests-public-api-bootstrap.js,5414,
function-declaration,coopRaceStandings,30-pause-tests-public-api-bootstrap.js,5415,
function-declaration,coopRaceTargetReached,30-pause-tests-public-api-bootstrap.js,5418,
function-declaration,coopMissionMapLocations,30-pause-tests-public-api-bootstrap.js,5419,
top-level-arrow,ROOM_WORLD_LAYOUTS,31-neighborhood-world-controller.js,5424,"const ROOM_WORLD_LAYOUTS=new Map((window.OTTHI_CONFIG?.rooms||[]).map(room=>[room.id,{...room,shortName:String(room.name||'Bairro').replace('Bairro da ','').replace('Bairro do ','').replace('Bairro ','')}]))"
function-declaration,coopServiceKind,31-neighborhood-world-controller.js,5424,
function-declaration,coopMissionHash,31-neighborhood-world-controller.js,5425,
function-declaration,coopSceneTarget,31-neighborhood-world-controller.js,5426,
function-declaration,coopNearestSchool,31-neighborhood-world-controller.js,5433,
function-declaration,coopNearestInvitableNpc,31-neighborhood-world-controller.js,5434,
function-declaration,coopCurrentTarget,31-neighborhood-world-controller.js,5435,
function-declaration,coopCurrentInstruction,32-cooperative-missions.js,5454,
function-declaration,coopMissionProgressLabel,32-cooperative-missions.js,5469,
function-declaration,coopMissionBriefingMarkup,32-cooperative-missions.js,5470,
function-declaration,coopPermissionDenied,32-cooperative-missions.js,5474,
function-declaration,bindCoopActionButton,32-cooperative-missions.js,5476,
function-declaration,coopLocalRecord,32-cooperative-missions.js,5477,
function-declaration,coopActiveState,32-cooperative-missions.js,5480,
function-declaration,continueCoopMissionOffline,32-cooperative-missions.js,5495,
function-declaration,prepareCoopMissionRuntime,32-cooperative-missions.js,5500,
function-declaration,coopSetWaypoint,32-cooperative-missions.js,5507,
function-declaration,onCoopServiceVehicleBoarded,32-cooperative-missions.js,5508,
function-declaration,coopNearbyParticipantCount,32-cooperative-missions.js,5517,
function-declaration,updateCoopFishingProgress,32-cooperative-missions.js,5554,
function-declaration,updateCoopSchoolFollowers,32-cooperative-missions.js,5555,
function-declaration,activateCoopRaceBots,32-cooperative-missions.js,5556,
function-declaration,deactivateCoopRaceBots,32-cooperative-missions.js,5557,
function-declaration,updateCoopRaceVisuals,32-cooperative-missions.js,5558,
function-declaration,updateCoopRaceProgress,32-cooperative-missions.js,5560,
function-declaration,resolveCoopMissionScene,32-cooperative-missions.js,5574,
function-declaration,resetCoopMissionNpcs,32-cooperative-missions.js,5575,
function-declaration,completeCoopMissionLocal,32-cooperative-missions.js,5576,
function-declaration,openCoopLobby,32-cooperative-missions.js,5580,
function-declaration,openCoopMissionCenter,32-cooperative-missions.js,5587,
function-declaration,createCoopOvalTrackWorld,32-cooperative-missions.js,5593,
function-declaration,createCooperativeMissionWorld,32-cooperative-missions.js,5598,
function-declaration,updateCoopMissions,32-cooperative-missions.js,5603,
function-declaration,updateCoopVisuals,32-cooperative-missions.js,5610,
function-declaration,ensureOtthiWorldState,32-cooperative-missions.js,5638,
function-declaration,worldPbrPath,32-cooperative-missions.js,5646,
function-declaration,configureWorldTexture,32-cooperative-missions.js,5647,
function-declaration,loadWorldTexture,32-cooperative-missions.js,5657,
function-declaration,ensureUv2,32-cooperative-missions.js,5667,
function-declaration,applyPbrPack,32-cooperative-missions.js,5671,
function-declaration,upgradeCoreMaterialsToWorldPbr,33-otthi-world-professional-core.js,5683,
function-declaration,improveSceneMeshMaterials,33-otthi-world-professional-core.js,5692,
function-declaration,otthiWorldStageMarkup,33-otthi-world-professional-core.js,5703,
function-declaration,openOtthiWorldCenter,33-otthi-world-professional-core.js,5706,
function-declaration,injectOtthiWorldButtons,33-otthi-world-professional-core.js,5716,
function-declaration,applyOtthiWorldRuntimeSettings,33-otthi-world-professional-core.js,5725,
function-declaration,otthiWorldDiagnostics,33-otthi-world-professional-core.js,5731,
function-declaration,worldAvatarSafeChoice,33-otthi-world-professional-core.js,5744,
function-declaration,disposeWorldAvatarObject,33-otthi-world-professional-core.js,5747,
function-declaration,clearWorldAvatarV3,33-otthi-world-professional-core.js,5750,
function-declaration,worldAvatarMaterial,33-otthi-world-professional-core.js,5755,
function-declaration,worldAvatarLayer,33-otthi-world-professional-core.js,5758,
function-declaration,avatarV3Box,33-otthi-world-professional-core.js,5761,
function-declaration,avatarV3Sphere,33-otthi-world-professional-core.js,5762,
function-declaration,avatarPatternColor,33-otthi-world-professional-core.js,5763,
function-declaration,applyWorldAvatarV3,33-otthi-world-professional-core.js,5764,
function-declaration,worldAvatarOptions,34-avatar-studio-professional-v3.js,5811,
function-declaration,otthiSeededRandom,34-avatar-studio-professional-v3.js,5827,
function-declaration,worldDetailAllowed,34-avatar-studio-professional-v3.js,5828,
function-declaration,createWorldInstancedDetails,34-avatar-studio-professional-v3.js,5835,
function-declaration,createWorldMushroomCluster,34-avatar-studio-professional-v3.js,5845,
function-declaration,enhanceWorldHouses,34-avatar-studio-professional-v3.js,5850,
function-declaration,createWorldAtmosphericDetails,34-avatar-studio-professional-v3.js,5861,
function-declaration,createWorldLandmarks,34-avatar-studio-professional-v3.js,5867,
function-declaration,createOtthiWorldProfessionalLayer,34-avatar-studio-professional-v3.js,5873,
function-declaration,updateOtthiWorldEnvironment,34-avatar-studio-professional-v3.js,5878,
function-declaration,registerWorldBuildRecord,35-world-render-pbr-environment.js,5915,
function-declaration,defaultWorldVehicleParts,35-world-render-pbr-environment.js,5941,
function-declaration,worldVehicleParts,35-world-render-pbr-environment.js,5942,
function-declaration,removeWorldVehicleModules,35-world-render-pbr-environment.js,5943,
function-declaration,worldVehicleModuleMaterial,35-world-render-pbr-environment.js,5944,
function-declaration,applyWorldVehicleModulesToGroup,35-world-render-pbr-environment.js,5945,
function-declaration,vehicleCatalogOptions,36-modular-build-machines.js,5968,
function-declaration,openWorldModularGarage,36-modular-build-machines.js,5969,
function-declaration,createWorldModularGarageInteractable,36-modular-build-machines.js,5979,
function-declaration,worldHeroState,36-modular-build-machines.js,5989,
function-declaration,heroPowerUnlocked,36-modular-build-machines.js,5990,
function-declaration,heroPowerReady,36-modular-build-machines.js,5991,
function-declaration,createHeroPulseVisual,36-modular-build-machines.js,5992,
function-declaration,activateWorldHeroPower,36-modular-build-machines.js,5995,
function-declaration,worldHeroPowerCards,36-modular-build-machines.js,6011,
function-declaration,openWorldHeroCenter,36-modular-build-machines.js,6012,
function-declaration,createHeroPlatform,36-modular-build-machines.js,6020,
function-declaration,createHeroToken,36-modular-build-machines.js,6021,
function-declaration,createWorldHeroAdventure,36-modular-build-machines.js,6022,
function-declaration,resetWorldHeroTokens,36-modular-build-machines.js,6030,
function-declaration,startWorldHeroChallenge,36-modular-build-machines.js,6031,
function-declaration,completeWorldHeroChallenge,36-modular-build-machines.js,6034,
function-declaration,updateWorldHeroAdventure,36-modular-build-machines.js,6035,
function-declaration,ensureWorldHeroHud,36-modular-build-machines.js,6042,
function-declaration,updateWorldHeroHud,36-modular-build-machines.js,6045,
function-declaration,bootstrapOtthiWorldShell,36-modular-build-machines.js,6055,
